Segment,Recency,Frequency,Monetary
Churned,167.61307609860665,1.3494105037513398,361.53987727759915
Moderate,44.46344339622642,3.3685141509433962,1257.6889404481133
VIP,17.070876288659793,13.274484536082474,7865.636662371134
